"Path","LineNumber","Line"
"C:\Users\chris\Git Local\StreamFlow\src\components\onboarding\OnboardingWizard.tsx","87","      // TODO: Save onboarding data to API"
"C:\Users\chris\Git Local\StreamFlow\src\components\onboarding\OnboardingWizard.tsx","295","// TODO: Implement remaining steps"
"C:\Users\chris\Git Local\StreamFlow\src\components\onboarding\OnboardingWizard.tsx","299","      <p className=""text-gray-600"">Team invitation step - TODO</p>"
"C:\Users\chris\Git Local\StreamFlow\src\components\onboarding\OnboardingWizard.tsx","315","      <p className=""text-gray-600"">Module selection step - TODO</p>"
"C:\Users\chris\Git Local\StreamFlow\src\components\onboarding\OnboardingWizard.tsx","349","// - [x] Team and modules steps stubbed (TODO)"
"C:\Users\chris\Git Local\StreamFlow\src\components\DeveloperLayout.tsx","10"," * - System monitoring and debugging"
"C:\Users\chris\Git Local\StreamFlow\src\components\DeveloperLayout.tsx","24","  BugAntIcon,"
"C:\Users\chris\Git Local\StreamFlow\src\components\DeveloperLayout.tsx","80","      { name: 'Debug Console', href: '/dev/debug', icon: BugAntIcon },"
"C:\Users\chris\Git Local\StreamFlow\src\components\DeveloperLayout.tsx","308","                {subtitle || 'Developer system administration and debugging tools'}"
"C:\Users\chris\Git Local\StreamFlow\src\components\DeveloperShell.tsx","13"," * - AI development and debugging tools"
"C:\Users\chris\Git Local\StreamFlow\src\components\EmployeeLayout.tsx","125","    // TODO: Implement actual time tracking API call"
"C:\Users\chris\Git Local\StreamFlow\src\config\leadScoringConfig.ts","137","    // TODO: Track conversion rates by source and adjust weights accordingly"
"C:\Users\chris\Git Local\StreamFlow\src\lib\crypto\aes.ts","3"," * Purpose: Encrypt/decrypt sensitive strings (e.g., Stripe acct_xxx) at rest"
"C:\Users\chris\Git Local\StreamFlow\src\lib\crypto\aes.ts","15","  // TODO(secrets): set APP_ENCRYPTION_KEY in env; 32-byte random key, base64-encoded"
"C:\Users\chris\Git Local\StreamFlow\src\lib\themes\ThemeProvider.tsx","49","    applyThemeToDOM();"
"C:\Users\chris\Git Local\StreamFlow\src\lib\themes\ThemeProvider.tsx","88","          isProvider: false // TODO: Detect provider context"
"C:\Users\chris\Git Local\StreamFlow\src\lib\themes\ThemeProvider.tsx","128","  const applyThemeToDOM = () => {"
"C:\Users\chris\Git Local\StreamFlow\src\lib\accountant-auth.ts","346","    // TODO: Integrate with comprehensive audit system"
"C:\Users\chris\Git Local\StreamFlow\src\lib\audit.ts","188","  // TODO: Upgrade to SHA-3 or BLAKE2 for enhanced security"
"C:\Users\chris\Git Local\StreamFlow\src\lib\audit.ts","193","  // TODO: Implement digital signatures using organization's private key"
"C:\Users\chris\Git Local\StreamFlow\src\lib\audit.ts","341","    // TODO: Implement geolocation risk assessment"
"C:\Users\chris\Git Local\StreamFlow\src\lib\audit.ts","349","  // TODO: Machine learning risk scoring based on user behavior patterns"
"C:\Users\chris\Git Local\StreamFlow\src\lib\audit.ts","367","// TODO: Implement comprehensive audit analytics"
"C:\Users\chris\Git Local\StreamFlow\src\lib\audit.ts","389","// TODO: Implement real-time audit streaming for security monitoring"
"C:\Users\chris\Git Local\StreamFlow\src\lib\audit.ts","476","      // TODO: Add policy version and evaluation metadata"
"C:\Users\chris\Git Local\StreamFlow\src\lib\auth-service.ts","136","          'debug:access',"
"C:\Users\chris\Git Local\StreamFlow\src\lib\auth-service.ts","235","    // TODO: Integrate with security monitoring (e.g., Sentry, DataDog)"
"C:\Users\chris\Git Local\StreamFlow\src\lib\auth-system-test.ts","166","    const wrongProviderReq = this.createMockRequest({ ws_provider: 'hacker@evil.com' });"
"C:\Users\chris\Git Local\StreamFlow\src\lib\auth-system-test.ts","178","    const wrongDeveloperReq = this.createMockRequest({ ws_developer: 'hacker@evil.com' });"
"C:\Users\chris\Git Local\StreamFlow\src\lib\consolidated-audit.ts","27","  | 'DEVELOPER_ACTION' | 'SYSTEM_DEBUG' | 'DATABASE_QUERY' | 'DEPLOYMENT_ACTION'"
"C:\Users\chris\Git Local\StreamFlow\src\lib\developer-auth.ts","123","    'dev:debug:all',"
"C:\Users\chris\Git Local\StreamFlow\src\lib\environment.ts","8"," * DEVELOPMENT: Local development with loose security, debug logging"
"C:\Users\chris\Git Local\StreamFlow\src\lib\environment.ts","25","  allowDebugLogging: boolean;"
"C:\Users\chris\Git Local\StreamFlow\src\lib\environment.ts","63","    allowDebugLogging: type !== 'production',"
"C:\Users\chris\Git Local\StreamFlow\src\lib\environment.ts","79","export function envLog(level: 'debug' | 'info' | 'warn' | 'error', message: string, data?: any) {"
"C:\Users\chris\Git Local\StreamFlow\src\lib\environment.ts","80","  if (level === 'debug' && !ENV.allowDebugLogging) return;"
"C:\Users\chris\Git Local\StreamFlow\src\lib\environment.ts","85","    case 'debug':"
"C:\Users\chris\Git Local\StreamFlow\src\lib\environment.ts","86","      console.debug(prefix, message, data);"
"C:\Users\chris\Git Local\StreamFlow\src\lib\environment.ts","101"," * Environment status for debugging"
"C:\Users\chris\Git Local\StreamFlow\src\lib\password-policy.ts","252","  // TODO: Implement password history checking"
"C:\Users\chris\Git Local\StreamFlow\src\lib\post-login-redirect.ts","267","   * Get all redirect rules (for debugging/admin)"
"C:\Users\chris\Git Local\StreamFlow\src\lib\prisma.ts","70","// TODO: Implement after adding Redis to the stack"
"C:\Users\chris\Git Local\StreamFlow\src\lib\prisma.ts","80","  // TODO: Add after implementing caching layer"
"C:\Users\chris\Git Local\StreamFlow\src\lib\prisma.ts","122","  // TODO: Send metrics to monitoring service in production"
"C:\Users\chris\Git Local\StreamFlow\src\lib\prisma.ts","140","          // Query logging for development debugging"
"C:\Users\chris\Git Local\StreamFlow\src\lib\prisma.ts","169","// Note: Prisma 6.x has deprecated $use middleware in favor of event listeners and extensions"
"C:\Users\chris\Git Local\StreamFlow\src\lib\prisma.ts","212","      // TODO: Add connection pool stats"
"C:\Users\chris\Git Local\StreamFlow\src\lib\prisma.ts","225","// TODO: Implement after adding Redis"
"C:\Users\chris\Git Local\StreamFlow\src\lib\prisma.ts","304","    connectionPoolUsage: 0, // TODO: Implement getConnectionPoolStats()"
"C:\Users\chris\Git Local\StreamFlow\src\lib\prisma.ts","305","    cacheHitRate: 0, // TODO: Implement after Redis integration"
"C:\Users\chris\Git Local\StreamFlow\src\lib\provider-auth.ts","199","  console.log(`üîß RECOVERY AUTH DEBUG: Starting recovery authentication for ${email}`);"
"C:\Users\chris\Git Local\StreamFlow\src\lib\provider-auth.ts","206","  console.log(`üîß RECOVERY AUTH DEBUG: envEmail=${envEmail}, envPasswordHash=${envPasswordHash ? 'SET' : 'MISSING'}`);"
"C:\Users\chris\Git Local\StreamFlow\src\lib\provider-auth.ts","207","  console.log(`üîß RECOVERY AUTH DEBUG: All provider env vars:`, {"
"C:\Users\chris\Git Local\StreamFlow\src\lib\provider-auth.ts","214","    console.log(`‚ùå RECOVERY AUTH DEBUG: Missing environment variables`);"
"C:\Users\chris\Git Local\StreamFlow\src\lib\provider-auth.ts","223","  console.log(`üîß RECOVERY AUTH DEBUG: Comparing emails: ${email.toLowerCase()} vs ${envEmail.toLowerCase()}`);"
"C:\Users\chris\Git Local\StreamFlow\src\lib\provider-auth.ts","225","    console.log(`‚ùå RECOVERY AUTH DEBUG: Email mismatch`);"
"C:\Users\chris\Git Local\StreamFlow\src\lib\provider-auth.ts","234","  console.log(`üîß RECOVERY AUTH DEBUG: Verifying password against hash`);"
"C:\Users\chris\Git Local\StreamFlow\src\lib\provider-auth.ts","236","  console.log(`üîß RECOVERY AUTH DEBUG: Password verification result: ${passwordValid}`);"
"C:\Users\chris\Git Local\StreamFlow\src\lib\provider-auth.ts","238","    console.log(`‚ùå RECOVERY AUTH DEBUG: Password verification failed`);"
"C:\Users\chris\Git Local\StreamFlow\src\lib\provider-auth.ts","352"," * @deprecated Use authenticateProvider(ProviderLoginRequest) instead"
"C:\Users\chris\Git Local\StreamFlow\src\lib\provider-impersonation.ts","535","      allowedActions: ['read', 'navigate', 'debug'],"
"C:\Users\chris\Git Local\StreamFlow\src\lib\reportingWindow.ts","222"," * Convenience: Returns ISO strings for UI/debug."
"C:\Users\chris\Git Local\StreamFlow\src\lib\staff-audit-system.ts","118","      // TODO: Implement UserActivityMetrics model as part of DEVELOPMENT_ROADMAP.md Phase 6"
"C:\Users\chris\Git Local\StreamFlow\src\lib\staff-audit-system.ts","213","  /* TODO: Implement AccessReview model as part of DEVELOPMENT_ROADMAP.md Phase 6"
"C:\Users\chris\Git Local\StreamFlow\src\lib\staff-audit-system.ts","269","  /* TODO: Implement AccessReview model - processAccessReviewDecision function"
"C:\Users\chris\Git Local\StreamFlow\src\lib\staff-audit-system.ts","330","  /* TODO: Implement SecurityIncident model as part of DEVELOPMENT_ROADMAP.md Phase 6"
"C:\Users\chris\Git Local\StreamFlow\src\lib\staff-audit-system.ts","399","  /* TODO: Implement SecurityIncident model - updateIncidentStatus function"
"C:\Users\chris\Git Local\StreamFlow\src\lib\staff-audit-system.ts","462","      // TODO: Implement SecurityIncident model - handleSecurityIncident call"
"C:\Users\chris\Git Local\StreamFlow\src\lib\staff-audit-system.ts","502","      // TODO: Implement SecurityIncident model - handleSecurityIncident call"
"C:\Users\chris\Git Local\StreamFlow\src\lib\staff-audit-system.ts","565","      // TODO: Implement AccessReview model - scheduleAccessReview call"
"C:\Users\chris\Git Local\StreamFlow\src\lib\staff-audit-system.ts","570","  /* TODO: Implement UserActivityMetrics model as part of DEVELOPMENT_ROADMAP.md Phase 6"
"C:\Users\chris\Git Local\StreamFlow\src\lib\staff-constraints.ts","149","    // TODO: Implement department field in EmployeeProfile model"
"C:\Users\chris\Git Local\StreamFlow\src\lib\staff-constraints.ts","452","    // TODO: Implement SecurityIncident model - security violation logging"
"C:\Users\chris\Git Local\StreamFlow\src\lib\staff-constraints.ts","503","    // TODO: Implement assignedTerritories field in EmployeeProfile model"
"C:\Users\chris\Git Local\StreamFlow\src\lib\staff-constraints.ts","508","    // TODO: Fix JobAssignment model fields - userId and jobSite don't exist"
"C:\Users\chris\Git Local\StreamFlow\src\lib\staff-constraints.ts","625","    // TODO: Implement SecurityIncident model - anomaly alert"
"C:\Users\chris\Git Local\StreamFlow\src\lib\stripeHelpers.ts","184","    items: [{ price: `price_${plan.orgId}` }], // TODO: Add stripePriceId field to PricingPlan model"
"C:\Users\chris\Git Local\StreamFlow\src\lib\stripeHelpers.ts","229","      price: `price_${newPlan.orgId}`, // TODO: Add stripePriceId field to PricingPlan model"
"C:\Users\chris\Git Local\StreamFlow\src\pages\api\admin\environment-status.ts","96","    recommendations.push('Development mode: All debug features enabled');"
"C:\Users\chris\Git Local\StreamFlow\src\pages\api\admin\export.json.ts","246","    // ENTERPRISE TODO: Add comprehensive export headers and metadata"
"C:\Users\chris\Git Local\StreamFlow\src\pages\api\admin\export.json.ts","255","    // ENTERPRISE TODO: Add security and governance headers"
"C:\Users\chris\Git Local\StreamFlow\src\pages\api\admin\export.json.ts","270","      // ENTERPRISE TODO: Add comprehensive export metadata"
"C:\Users\chris\Git Local\StreamFlow\src\pages\api\admin\staff-role-customization.ts","285","      permissionCount: 0, // TODO: Implement rolePerms relationship"
"C:\Users\chris\Git Local\StreamFlow\src\pages\api\admin\staff-role-customization.ts","304","      // TODO: Implement applyIndustryPreset function"
"C:\Users\chris\Git Local\StreamFlow\src\pages\api\admin\staff-role-customization.ts","307","      // TODO: Implement requestTemporaryElevation function"
"C:\Users\chris\Git Local\StreamFlow\src\pages\api\admin\temporary-elevation.ts","320","      canRequestElevation: true // TODO: Add business logic"
"C:\Users\chris\Git Local\StreamFlow\src\pages\api\admin\temporary-elevation.ts","325","      canRequestEmergency: true // TODO: Add business logic"
"C:\Users\chris\Git Local\StreamFlow\src\pages\api\admin\temporary-elevation.ts","341","      // TODO: Implement rejectElevation function"
"C:\Users\chris\Git Local\StreamFlow\src\pages\api\admin\temporary-elevation.ts","344","      // TODO: Implement requestEmergencyElevation function"
"C:\Users\chris\Git Local\StreamFlow\src\pages\api\admin\temporary-elevation.ts","617","      // TODO: Implement extendElevation function"
"C:\Users\chris\Git Local\StreamFlow\src\pages\api\ai\generate-response.ts","267","    // ENTERPRISE TODO: Add comprehensive AI analytics and monitoring"
"C:\Users\chris\Git Local\StreamFlow\src\pages\api\ai\generate-response.ts","278","      // ENTERPRISE TODO: Add AI governance metadata"
"C:\Users\chris\Git Local\StreamFlow\src\pages\api\ai\rfp-strategy.ts","53","        agency: 'Federal Agency', // TODO: Get from enrichmentData when implemented"
"C:\Users\chris\Git Local\StreamFlow\src\pages\api\ai\rfp-strategy.ts","55","        requirements: '', // TODO: Get from enrichmentData when implemented"
"C:\Users\chris\Git Local\StreamFlow\src\pages\api\ai\rfp-strategy.ts","56","        responseDeadline: null, // TODO: Get from enrichmentData when implemented"
"C:\Users\chris\Git Local\StreamFlow\src\pages\api\ai\rfp-strategy.ts","57","        estimatedValue: null // TODO: Get from enrichmentData when implemented"
"C:\Users\chris\Git Local\StreamFlow\src\pages\api\auth\login.ts","444","          console.log(`DEBUG: Dev test user login: ${emailInput} (${role}) - works with ANY password`);"
"C:\Users\chris\Git Local\StreamFlow\src\pages\api\auth\login.ts","499","    console.log(""DEBUG: Password comparison result:"", ok);"
"C:\Users\chris\Git Local\StreamFlow\src\pages\api\auth\login.ts","502","      console.log(""DEBUG: Password check failed, redirecting to login with error"");"
"C:\Users\chris\Git Local\StreamFlow\src\pages\api\dev\ai\models.ts","17","  status: 'active' | 'testing' | 'deprecated';"
"C:\Users\chris\Git Local\StreamFlow\src\pages\api\dev\ai\models.ts","78","    status: 'deprecated',"
"C:\Users\chris\Git Local\StreamFlow\src\pages\api\integrations\permits\fetch.ts","190","// TODO: Integrate with real Weld County Accela API"
"C:\Users\chris\Git Local\StreamFlow\src\pages\api\integrations\permits\fetch.ts","243","    ""where"": ""1=1"",                    // TODO: Add filter for commercial permits only"
"C:\Users\chris\Git Local\StreamFlow\src\pages\api\integrations\permits\fetch.ts","264","// TODO: Integrate with real Denver Accela API"
"C:\Users\chris\Git Local\StreamFlow\src\pages\api\integrations\twilio\send-sms.ts","161","    // ENTERPRISE TODO: Replace direct Twilio call with enterprise communication service"
"C:\Users\chris\Git Local\StreamFlow\src\pages\api\integrations\twilio\send-sms.ts","172","    // ENTERPRISE TODO: Log message to analytics system and queue delivery tracking"
"C:\Users\chris\Git Local\StreamFlow\src\pages\api\provider\billing\revenue.ts","37"," * GET /api/provider/billing/revenue?clientOrgId=xxx&period=2024-01"
"C:\Users\chris\Git Local\StreamFlow\src\pages\api\provider\billing\subscriptions.ts","282","    // TODO: Implement subscription updates"
"C:\Users\chris\Git Local\StreamFlow\src\pages\api\provider\billing\subscriptions.ts","288","      todo: 'Implement subscription plan changes and payment method updates'"
"C:\Users\chris\Git Local\StreamFlow\src\pages\api\provider\billing\subscriptions.ts","308","    // TODO: Implement subscription cancellation"
"C:\Users\chris\Git Local\StreamFlow\src\pages\api\provider\billing\subscriptions.ts","314","      todo: 'Implement subscription cancellation with immediate vs end-of-period options'"
"C:\Users\chris\Git Local\StreamFlow\src\pages\api\provider\clients\[id]\credits.ts","23","    const userId = 'provider-admin'; // TODO: Extract from session"
"C:\Users\chris\Git Local\StreamFlow\src\pages\api\provider\clients\[id]\upgrade.ts","23","    // TODO: Add proper Provider role verification  "
"C:\Users\chris\Git Local\StreamFlow\src\pages\api\provider\clients\[id]\upgrade.ts","63","    // TODO: In future, integrate with Stripe for actual billing"
"C:\Users\chris\Git Local\StreamFlow\src\pages\api\provider\federation\handshake.ts","195","    // TODO: Create ProviderTenant model when database is migrated"
"C:\Users\chris\Git Local\StreamFlow\src\pages\api\provider\analytics.ts","207","      // TODO: Replace with actual AI usage tracking from aiMeter system"
"C:\Users\chris\Git Local\StreamFlow\src\pages\api\provider\branding.ts","110","        customDomain: undefined, // TODO: Add customDomain field to Org model"
"C:\Users\chris\Git Local\StreamFlow\src\pages\api\provider\revenue.ts","209","    // TODO: Replace with actual AI usage tracking from aiMeter system"
"C:\Users\chris\Git Local\StreamFlow\src\pages\api\provider\revenue.ts","300","      // TODO: Replace with actual AI usage tracking from aiMeter system"
"C:\Users\chris\Git Local\StreamFlow\src\pages\api\provider\stats.ts","17","    // TODO: Add proper Provider role verification"
"C:\Users\chris\Git Local\StreamFlow\src\pages\api\tenant\register.ts","270","    // TODO: Integrate with email service (SendGrid, AWS SES, etc.)"
"C:\Users\chris\Git Local\StreamFlow\src\pages\api\webhooks\provider-stripe.ts","89","    // TODO: Implement event deduplication using event.id"
"C:\Users\chris\Git Local\StreamFlow\src\pages\api\webhooks\provider-stripe.ts","193","      // TODO: Send payment reminder email"
"C:\Users\chris\Git Local\StreamFlow\src\pages\api\webhooks\provider-stripe.ts","194","      // TODO: Restrict client features based on payment status"
"C:\Users\chris\Git Local\StreamFlow\src\pages\api\webhooks\provider-stripe.ts","197","      // TODO: Downgrade client to free tier"
"C:\Users\chris\Git Local\StreamFlow\src\pages\api\webhooks\provider-stripe.ts","198","      // TODO: Send cancellation confirmation"
"C:\Users\chris\Git Local\StreamFlow\src\pages\api\webhooks\provider-stripe.ts","254","    // TODO: Record successful payment"
"C:\Users\chris\Git Local\StreamFlow\src\pages\api\webhooks\provider-stripe.ts","255","    // TODO: Send payment confirmation email"
"C:\Users\chris\Git Local\StreamFlow\src\pages\api\webhooks\provider-stripe.ts","256","    // TODO: Update client credit balance if applicable"
"C:\Users\chris\Git Local\StreamFlow\src\pages\api\webhooks\provider-stripe.ts","280","    // TODO: Send payment failure notification"
"C:\Users\chris\Git Local\StreamFlow\src\pages\api\webhooks\provider-stripe.ts","281","    // TODO: Implement retry logic"
"C:\Users\chris\Git Local\StreamFlow\src\pages\api\webhooks\provider-stripe.ts","282","    // TODO: Restrict client features if payment continues to fail"
"C:\Users\chris\Git Local\StreamFlow\src\pages\api\webhooks\stripe-connect.ts","207","  // TODO: Update invoice/payment records in database"
"C:\Users\chris\Git Local\StreamFlow\src\pages\api\webhooks\stripe-connect.ts","240","  // TODO: Notify customer of failed payment"
"C:\Users\chris\Git Local\StreamFlow\src\pages\api\webhooks\stripe-connect.ts","267","  // TODO: Record payout in database"
"C:\Users\chris\Git Local\StreamFlow\src\pages\api\webhooks\stripe-connect.ts","276","  // TODO: Notify org of failed payout"
"C:\Users\chris\Git Local\StreamFlow\src\pages\api\webhooks\stripe.ts","129"," * 5. Monitoring: Log all webhook activity for debugging"
"C:\Users\chris\Git Local\StreamFlow\src\pages\api\webhooks\stripe.ts","206","    // TODO: Implement BillingEvent model for event deduplication"
"C:\Users\chris\Git Local\StreamFlow\src\pages\api\webhooks\stripe.ts","217","    // TODO: Create billing event record for tracking"
"C:\Users\chris\Git Local\StreamFlow\src\pages\api\webhooks\stripe.ts","231","    // TODO: Mark as completed in BillingEvent model"
"C:\Users\chris\Git Local\StreamFlow\src\pages\api\webhooks\stripe.ts","245","    // TODO: Mark as failed with retry logic in BillingEvent model"
"C:\Users\chris\Git Local\StreamFlow\src\pages\api\webhooks\stripe.ts","336","  // TODO: Find pricing plan by Stripe price ID"
"C:\Users\chris\Git Local\StreamFlow\src\pages\api\webhooks\stripe.ts","343","  // TODO: Implement OrganizationSubscription model"
"C:\Users\chris\Git Local\StreamFlow\src\pages\api\webhooks\stripe.ts","360","  // TODO: Provision access based on new plan"
"C:\Users\chris\Git Local\StreamFlow\src\pages\api\webhooks\stripe.ts","366","  // TODO: Implement OrganizationSubscription model update"
"C:\Users\chris\Git Local\StreamFlow\src\pages\api\webhooks\stripe.ts","385","  // TODO: Implement OrganizationSubscription model update"
"C:\Users\chris\Git Local\StreamFlow\src\pages\api\webhooks\stripe.ts","433","// TODO: Import the PRICING_PLANS constant when implemented"
"C:\Users\chris\Git Local\StreamFlow\src\pages\api\quick-actions.ts","252","    // ENTERPRISE TODO: Replace basic audit log with comprehensive action tracking"
"C:\Users\chris\Git Local\StreamFlow\src\pages\api\quick-actions.ts","267","    // ENTERPRISE TODO: Trigger workflow automation"
"C:\Users\chris\Git Local\StreamFlow\src\pages\dev\ai-lab.tsx","29","  status: 'active' | 'testing' | 'deprecated';"
"C:\Users\chris\Git Local\StreamFlow\src\pages\dev\integration-test.tsx","7"," * TODO items, and areas needing completion for production readiness."
"C:\Users\chris\Git Local\StreamFlow\src\pages\dev\integration-test.tsx","15"," * - TODO item tracking"
"C:\Users\chris\Git Local\StreamFlow\src\pages\dev\integration-test.tsx","44","  todoItems?: string[];"
"C:\Users\chris\Git Local\StreamFlow\src\pages\dev\integration-test.tsx","54","  todoCount: number;"
"C:\Users\chris\Git Local\StreamFlow\src\pages\dev\integration-test.tsx","220","        todoCount: 2,"
"C:\Users\chris\Git Local\StreamFlow\src\pages\dev\integration-test.tsx","228","        todoCount: 0,"
"C:\Users\chris\Git Local\StreamFlow\src\pages\dev\integration-test.tsx","236","        todoCount: 3,"
"C:\Users\chris\Git Local\StreamFlow\src\pages\dev\integration-test.tsx","244","        todoCount: 5,"
"C:\Users\chris\Git Local\StreamFlow\src\pages\dev\integration-test.tsx","252","        todoCount: 8,"
"C:\Users\chris\Git Local\StreamFlow\src\pages\dev\integration-test.tsx","260","        todoCount: 12,"
"C:\Users\chris\Git Local\StreamFlow\src\pages\dev\integration-test.tsx","268","        todoCount: 15,"
"C:\Users\chris\Git Local\StreamFlow\src\pages\dev\integration-test.tsx","276","        todoCount: 10,"
"C:\Users\chris\Git Local\StreamFlow\src\pages\dev\integration-test.tsx","284","        todoCount: 7,"
"C:\Users\chris\Git Local\StreamFlow\src\pages\dev\integration-test.tsx","292","        todoCount: 4,"
"C:\Users\chris\Git Local\StreamFlow\src\pages\dev\integration-test.tsx","358","            details: 'Some models have TODO items for future enhancements',"
"C:\Users\chris\Git Local\StreamFlow\src\pages\dev\integration-test.tsx","359","            todoItems: ["
"C:\Users\chris\Git Local\StreamFlow\src\pages\dev\integration-test.tsx","393","            todoItems: ["
"C:\Users\chris\Git Local\StreamFlow\src\pages\dev\integration-test.tsx","474","    <DeveloperLayout title=""System Integration Test"" subtitle=""Comprehensive system validation and TODO tracking"">"
"C:\Users\chris\Git Local\StreamFlow\src\pages\dev\integration-test.tsx","533","                        {module.todoCount} TODOs"
"C:\Users\chris\Git Local\StreamFlow\src\pages\dev\integration-test.tsx","586","                          {test.todoItems && test.todoItems.length > 0 && ("
"C:\Users\chris\Git Local\StreamFlow\src\pages\dev\integration-test.tsx","588","                              <div className=""text-yellow-400 text-xs font-medium mb-1"">TODO Items:</div>"
"C:\Users\chris\Git Local\StreamFlow\src\pages\dev\integration-test.tsx","589","                              {test.todoItems.map((todo, index) => ("
"C:\Users\chris\Git Local\StreamFlow\src\pages\dev\integration-test.tsx","590","                                <div key={index} className=""text-yellow-400 text-xs"">‚Ä¢ {todo}</div>"
"C:\Users\chris\Git Local\StreamFlow\src\pages\dev\integration-test.tsx","648","                  {systemModules.reduce((sum, module) => sum + module.todoCount, 0)}"
"C:\Users\chris\Git Local\StreamFlow\src\pages\dev\integration-test.tsx","650","                <div className=""text-slate-400"">Total TODOs</div>"
"C:\Users\chris\Git Local\StreamFlow\src\pages\dev\settings.tsx","14","    debugMode: true,"
"C:\Users\chris\Git Local\StreamFlow\src\pages\dev\settings.tsx","40","              {/* Debug Mode */}"
"C:\Users\chris\Git Local\StreamFlow\src\pages\dev\settings.tsx","43","                  <label className=""text-white font-medium"">Debug Mode</label>"
"C:\Users\chris\Git Local\StreamFlow\src\pages\dev\settings.tsx","44","                  <p className=""text-gray-400 text-sm"">Enable detailed debugging information</p>"
"C:\Users\chris\Git Local\StreamFlow\src\pages\dev\settings.tsx","47","                  onClick={() => handleSettingChange('debugMode', !settings.debugMode)}"
"C:\Users\chris\Git Local\StreamFlow\src\pages\dev\settings.tsx","49","                    settings.debugMode ? 'bg-green-500' : 'bg-gray-600'"
"C:\Users\chris\Git Local\StreamFlow\src\pages\dev\settings.tsx","54","                      settings.debugMode ? 'translate-x-6' : 'translate-x-1'"
"C:\Users\chris\Git Local\StreamFlow\src\pages\provider\billing.tsx","46","      // TODO: Implement actual API endpoints"
"C:\Users\chris\Git Local\StreamFlow\src\pages\provider\billing.tsx","234","          {/* TODO Section */}"
"C:\Users\chris\Git Local\StreamFlow\src\pages\provider\billing.tsx","236","            <h3 className=""text-lg font-semibold text-yellow-900 mb-2"">üöß TODO: Complete Implementation</h3>"
"C:\Users\chris\Git Local\StreamFlow\src\pages\provider\billing.tsx","287","// - [x] TODO section for remaining work"
"C:\Users\chris\Git Local\StreamFlow\src\pages\provider\themes.tsx","44","      // TODO: Implement actual client theme loading"
"C:\Users\chris\Git Local\StreamFlow\src\pages\worker\clock.tsx","6","// TODO: Re-enable offline time clock after fixing SSR issues with Dexie"
"C:\Users\chris\Git Local\StreamFlow\src\pages\worker\clock.tsx","23","  // TODO: Re-enable offline time clock after fixing SSR issues"
"C:\Users\chris\Git Local\StreamFlow\src\pages\worker\home.tsx","131","  // TODO: Load dashboard stats from API"
"C:\Users\chris\Git Local\StreamFlow\src\pages\worker\jobs.tsx","46","  // TODO: Load job assignments from API"
"C:\Users\chris\Git Local\StreamFlow\src\pages\worker\jobs.tsx","55","      // TODO: Implement actual API call"
"C:\Users\chris\Git Local\StreamFlow\src\pages\worker\payroll.tsx","52","  // TODO: Load payroll data from API"
"C:\Users\chris\Git Local\StreamFlow\src\pages\worker\profile.tsx","51","  // TODO: Load employee profile from API"
"C:\Users\chris\Git Local\StreamFlow\src\pages\worker\profile.tsx","100","      // TODO: Implement actual API call"
"C:\Users\chris\Git Local\StreamFlow\src\pages\worker\training.tsx","38","  // TODO: Load training modules from API"
